{"val-losses/mean/traj_action_mse": 0.00023995448541051955, "val-losses/take_shoes_out_of_box/traj_action_mse": 0.00023995448541051955, "val-losses/mean/traj_pos_l2": 0.021174366499284215, "val-losses/take_shoes_out_of_box/traj_pos_l2": 0.021174366499284215, "val-losses/mean/traj_pos_acc_001": 0.42857142857142855, "val-losses/take_shoes_out_of_box/traj_pos_acc_001": 0.42857142857142855, "val-losses/mean/traj_rot_l1": 0.029332165492208424, "val-losses/take_shoes_out_of_box/traj_rot_l1": 0.029332165492208424, "val-losses/mean/traj_rot_acc_0025": 0.6428571428571429, "val-losses/take_shoes_out_of_box/traj_rot_acc_0025": 0.6428571428571429, "val-losses/mean/traj_gripper": 1.0, "val-losses/take_shoes_out_of_box/traj_gripper": 1.0}