{"val-losses/mean/traj_action_mse": 5.0666131750815016e-05, "val-losses/take_shoes_out_of_box/traj_action_mse": 5.0666131750815016e-05, "val-losses/mean/traj_pos_l2": 0.008512951918521841, "val-losses/take_shoes_out_of_box/traj_pos_l2": 0.008512951918521841, "val-losses/mean/traj_pos_acc_001": 0.8571428571428571, "val-losses/take_shoes_out_of_box/traj_pos_acc_001": 0.8571428571428571, "val-losses/mean/traj_rot_l1": 0.012959286088326092, "val-losses/take_shoes_out_of_box/traj_rot_l1": 0.012959286088326092, "val-losses/mean/traj_rot_acc_0025": 0.7857142857142857, "val-losses/take_shoes_out_of_box/traj_rot_acc_0025": 0.7857142857142857, "val-losses/mean/traj_gripper": 1.0, "val-losses/take_shoes_out_of_box/traj_gripper": 1.0, "val-losses/mean/language_top1_acc": 1.0, "val-losses/take_shoes_out_of_box/language_top1_acc": 1.0, "val-losses/mean/front_iou": 0.050940155692155, "val-losses/take_shoes_out_of_box/front_iou": 0.050940155692155, "val-losses/mean/wrist_iou": 0.04909411815607107, "val-losses/take_shoes_out_of_box/wrist_iou": 0.04909411815607107}