{"val-losses/mean/traj_action_mse": 0.009838469849783316, "val-losses/bimanual_push_box/traj_action_mse": 0.004897424423257828, "val-losses/mean/traj_pos_l2": 0.025667354134633037, "val-losses/bimanual_push_box/traj_pos_l2": 0.03181654827221045, "val-losses/mean/traj_pos_acc_001": 0.690844169686634, "val-losses/bimanual_push_box/traj_pos_acc_001": 0.17346938775510204, "val-losses/mean/traj_rot_l1": 0.07992505082230844, "val-losses/bimanual_push_box/traj_rot_l1": 0.0647464082269809, "val-losses/mean/traj_rot_acc_0025": 0.6589213387337455, "val-losses/bimanual_push_box/traj_rot_acc_0025": 0.09948979591836735, "val-losses/mean/traj_gripper": 0.9752185035173737, "val-losses/bimanual_push_box/traj_gripper": 1.0, "val-losses/bimanual_lift_ball/traj_action_mse": 0.0010200224976636587, "val-losses/bimanual_lift_ball/traj_pos_l2": 0.02307088293312906, "val-losses/bimanual_lift_ball/traj_pos_acc_001": 0.6394472361809045, "val-losses/bimanual_lift_ball/traj_rot_l1": 0.07059407414538706, "val-losses/bimanual_lift_ball/traj_rot_acc_0025": 0.5150753768844221, "val-losses/bimanual_lift_ball/traj_gripper": 1.0, "val-losses/bimanual_dual_push_buttons/traj_action_mse": 0.002749478386636512, "val-losses/bimanual_dual_push_buttons/traj_pos_l2": 0.01872694577240928, "val-losses/bimanual_dual_push_buttons/traj_pos_acc_001": 0.66125, "val-losses/bimanual_dual_push_buttons/traj_rot_l1": 0.038315961815095355, "val-losses/bimanual_dual_push_buttons/traj_rot_acc_0025": 0.6975, "val-losses/bimanual_dual_push_buttons/traj_gripper": 0.99875, "val-losses/bimanual_pick_plate/traj_action_mse": 0.004847234174704926, "val-losses/bimanual_pick_plate/traj_pos_l2": 0.03831423683326025, "val-losses/bimanual_pick_plate/traj_pos_acc_001": 0.558695652173913, "val-losses/bimanual_pick_plate/traj_rot_l1": 0.11563597439151956, "val-losses/bimanual_pick_plate/traj_rot_acc_0025": 0.3572463768115942, "val-losses/bimanual_pick_plate/traj_gripper": 0.9934782608695653, "val-losses/bimanual_put_item_in_drawer/traj_action_mse": 0.007028858033288043, "val-losses/bimanual_put_item_in_drawer/traj_pos_l2": 0.017026553452434465, "val-losses/bimanual_put_item_in_drawer/traj_pos_acc_001": 0.5142857142857142, "val-losses/bimanual_put_item_in_drawer/traj_rot_l1": 0.03513944345452757, "val-losses/bimanual_put_item_in_drawer/traj_rot_acc_0025": 0.5092857142857142, "val-losses/bimanual_put_item_in_drawer/traj_gripper": 0.9914285714285714, "val-losses/bimanual_put_bottle_in_fridge/traj_action_mse": 0.014484071695680667, "val-losses/bimanual_put_bottle_in_fridge/traj_pos_l2": 0.022665180365497705, "val-losses/bimanual_put_bottle_in_fridge/traj_pos_acc_001": 0.6882202304737516, "val-losses/bimanual_put_bottle_in_fridge/traj_rot_l1": 0.12436453799033431, "val-losses/bimanual_put_bottle_in_fridge/traj_rot_acc_0025": 0.6414852752880922, "val-losses/bimanual_put_bottle_in_fridge/traj_gripper": 0.9603072983354674, "val-losses/bimanual_handover_item/traj_action_mse": 0.017276817714422275, "val-losses/bimanual_handover_item/traj_pos_l2": 0.036160442142195534, "val-losses/bimanual_handover_item/traj_pos_acc_001": 0.8337950138504155, "val-losses/bimanual_handover_item/traj_rot_l1": 0.14297329705448605, "val-losses/bimanual_handover_item/traj_rot_acc_0025": 0.8130193905817175, "val-losses/bimanual_handover_item/traj_gripper": 0.9926131117266851, "val-losses/bimanual_pick_laptop/traj_action_mse": 0.0012755788791926808, "val-losses/bimanual_pick_laptop/traj_pos_l2": 0.017105933658579632, "val-losses/bimanual_pick_laptop/traj_pos_acc_001": 0.6856330014224751, "val-losses/bimanual_pick_laptop/traj_rot_l1": 0.042512420201653564, "val-losses/bimanual_pick_laptop/traj_rot_acc_0025": 0.585348506401138, "val-losses/bimanual_pick_laptop/traj_gripper": 0.9978662873399715, "val-losses/bimanual_straighten_rope/traj_action_mse": 0.04367559682901915, "val-losses/bimanual_straighten_rope/traj_pos_l2": 0.023204785680415216, "val-losses/bimanual_straighten_rope/traj_pos_acc_001": 0.519489247311828, "val-losses/bimanual_straighten_rope/traj_rot_l1": 0.1890275041320349, "val-losses/bimanual_straighten_rope/traj_rot_acc_0025": 0.41196236559139787, "val-losses/bimanual_straighten_rope/traj_gripper": 0.8629032258064516, "val-losses/bimanual_sweep_to_dustpan/traj_action_mse": 0.0002316799983167014, "val-losses/bimanual_sweep_to_dustpan/traj_pos_l2": 0.014518076214046667, "val-losses/bimanual_sweep_to_dustpan/traj_pos_acc_001": 0.8628571428571429, "val-losses/bimanual_sweep_to_dustpan/traj_rot_l1": 0.012217335375796326, "val-losses/bimanual_sweep_to_dustpan/traj_rot_acc_0025": 0.9364285714285714, "val-losses/bimanual_sweep_to_dustpan/traj_gripper": 1.0, "val-losses/bimanual_lift_tray/traj_action_mse": 0.0037265832276504856, "val-losses/bimanual_lift_tray/traj_pos_l2": 0.016282096441920288, "val-losses/bimanual_lift_tray/traj_pos_acc_001": 0.707, "val-losses/bimanual_lift_tray/traj_rot_l1": 0.024181313727884436, "val-losses/bimanual_lift_tray/traj_rot_acc_0025": 0.687, "val-losses/bimanual_lift_tray/traj_gripper": 0.974, "val-losses/bimanual_handover_item_easy/traj_action_mse": 0.0021087165534098068, "val-losses/bimanual_handover_item_easy/traj_pos_l2": 0.021189453255991583, "val-losses/bimanual_handover_item_easy/traj_pos_acc_001": 0.8394024276377218, "val-losses/bimanual_handover_item_easy/traj_rot_l1": 0.025400862905219018, "val-losses/bimanual_handover_item_easy/traj_rot_acc_0025": 0.8534080298786181, "val-losses/bimanual_handover_item_easy/traj_gripper": 0.9929971988795518, "val-losses/bimanual_take_tray_out_of_oven/traj_action_mse": 0.009799395351608953, "val-losses/bimanual_take_tray_out_of_oven/traj_pos_l2": 0.03700280357355187, "val-losses/bimanual_take_tray_out_of_oven/traj_pos_acc_001": 0.7185734463276836, "val-losses/bimanual_take_tray_out_of_oven/traj_rot_l1": 0.08405273775652845, "val-losses/bimanual_take_tray_out_of_oven/traj_rot_acc_0025": 0.7507062146892656, "val-losses/bimanual_take_tray_out_of_oven/traj_gripper": 0.9586864406779662}