{"val-losses/mean/traj_action_mse": 0.008958862986432713, "val-losses/bimanual_push_box/traj_action_mse": 0.004797969661861086, "val-losses/mean/traj_pos_l2": 0.023788235076064437, "val-losses/bimanual_push_box/traj_pos_l2": 0.029047760952667378, "val-losses/mean/traj_pos_acc_001": 0.7454700490300575, "val-losses/bimanual_push_box/traj_pos_acc_001": 0.2729591836734694, "val-losses/mean/traj_rot_l1": 0.0689276639436173, "val-losses/bimanual_push_box/traj_rot_l1": 0.053507219658997664, "val-losses/mean/traj_rot_acc_0025": 0.7478149648262631, "val-losses/bimanual_push_box/traj_rot_acc_0025": 0.21173469387755103, "val-losses/mean/traj_gripper": 0.9768706032828821, "val-losses/bimanual_push_box/traj_gripper": 1.0, "val-losses/bimanual_lift_ball/traj_action_mse": 0.0011049667450913623, "val-losses/bimanual_lift_ball/traj_pos_l2": 0.021838648483724358, "val-losses/bimanual_lift_ball/traj_pos_acc_001": 0.678391959798995, "val-losses/bimanual_lift_ball/traj_rot_l1": 0.06610054333868995, "val-losses/bimanual_lift_ball/traj_rot_acc_0025": 0.6130653266331658, "val-losses/bimanual_lift_ball/traj_gripper": 0.9987437185929648, "val-losses/bimanual_dual_push_buttons/traj_action_mse": 0.0027608173255072007, "val-losses/bimanual_dual_push_buttons/traj_pos_l2": 0.017031129531166464, "val-losses/bimanual_dual_push_buttons/traj_pos_acc_001": 0.69625, "val-losses/bimanual_dual_push_buttons/traj_rot_l1": 0.03367318752116513, "val-losses/bimanual_dual_push_buttons/traj_rot_acc_0025": 0.82375, "val-losses/bimanual_dual_push_buttons/traj_gripper": 0.99875, "val-losses/bimanual_pick_plate/traj_action_mse": 0.004946856259929448, "val-losses/bimanual_pick_plate/traj_pos_l2": 0.03851415187576883, "val-losses/bimanual_pick_plate/traj_pos_acc_001": 0.5963768115942029, "val-losses/bimanual_pick_plate/traj_rot_l1": 0.11189877558876267, "val-losses/bimanual_pick_plate/traj_rot_acc_0025": 0.44565217391304346, "val-losses/bimanual_pick_plate/traj_gripper": 0.9927536231884058, "val-losses/bimanual_put_item_in_drawer/traj_action_mse": 0.007096202163161119, "val-losses/bimanual_put_item_in_drawer/traj_pos_l2": 0.01539131721163878, "val-losses/bimanual_put_item_in_drawer/traj_pos_acc_001": 0.6171428571428571, "val-losses/bimanual_put_item_in_drawer/traj_rot_l1": 0.026499222167385976, "val-losses/bimanual_put_item_in_drawer/traj_rot_acc_0025": 0.7221428571428572, "val-losses/bimanual_put_item_in_drawer/traj_gripper": 0.9921428571428571, "val-losses/bimanual_put_bottle_in_fridge/traj_action_mse": 0.014454149575107917, "val-losses/bimanual_put_bottle_in_fridge/traj_pos_l2": 0.021180953765021722, "val-losses/bimanual_put_bottle_in_fridge/traj_pos_acc_001": 0.7458386683738797, "val-losses/bimanual_put_bottle_in_fridge/traj_rot_l1": 0.12323563717850004, "val-losses/bimanual_put_bottle_in_fridge/traj_rot_acc_0025": 0.7215108834827144, "val-losses/bimanual_put_bottle_in_fridge/traj_gripper": 0.9596670934699104, "val-losses/bimanual_handover_item/traj_action_mse": 0.017714188531979477, "val-losses/bimanual_handover_item/traj_pos_l2": 0.035854652425354364, "val-losses/bimanual_handover_item/traj_pos_acc_001": 0.8393351800554016, "val-losses/bimanual_handover_item/traj_rot_l1": 0.14198380667781, "val-losses/bimanual_handover_item/traj_rot_acc_0025": 0.8361034164358264, "val-losses/bimanual_handover_item/traj_gripper": 0.9912280701754386, "val-losses/bimanual_pick_laptop/traj_action_mse": 0.0011821508946167794, "val-losses/bimanual_pick_laptop/traj_pos_l2": 0.015303007236930942, "val-losses/bimanual_pick_laptop/traj_pos_acc_001": 0.7432432432432432, "val-losses/bimanual_pick_laptop/traj_rot_l1": 0.034917909191034095, "val-losses/bimanual_pick_laptop/traj_rot_acc_0025": 0.7155049786628734, "val-losses/bimanual_pick_laptop/traj_gripper": 0.9978662873399715, "val-losses/bimanual_straighten_rope/traj_action_mse": 0.03262284733196308, "val-losses/bimanual_straighten_rope/traj_pos_l2": 0.01569481580910417, "val-losses/bimanual_straighten_rope/traj_pos_acc_001": 0.625, "val-losses/bimanual_straighten_rope/traj_rot_l1": 0.10958279449081226, "val-losses/bimanual_straighten_rope/traj_rot_acc_0025": 0.5060483870967742, "val-losses/bimanual_straighten_rope/traj_gripper": 0.885752688172043, "val-losses/bimanual_sweep_to_dustpan/traj_action_mse": 0.00023013792701819492, "val-losses/bimanual_sweep_to_dustpan/traj_pos_l2": 0.013768119797823287, "val-losses/bimanual_sweep_to_dustpan/traj_pos_acc_001": 0.8885714285714286, "val-losses/bimanual_sweep_to_dustpan/traj_rot_l1": 0.010167310923892633, "val-losses/bimanual_sweep_to_dustpan/traj_rot_acc_0025": 0.9164285714285715, "val-losses/bimanual_sweep_to_dustpan/traj_gripper": 1.0, "val-losses/bimanual_lift_tray/traj_action_mse": 0.003655052970505631, "val-losses/bimanual_lift_tray/traj_pos_l2": 0.013980219527359712, "val-losses/bimanual_lift_tray/traj_pos_acc_001": 0.81, "val-losses/bimanual_lift_tray/traj_rot_l1": 0.015538331110063851, "val-losses/bimanual_lift_tray/traj_rot_acc_0025": 0.824, "val-losses/bimanual_lift_tray/traj_gripper": 0.974, "val-losses/bimanual_handover_item_easy/traj_action_mse": 0.0024182911145522626, "val-losses/bimanual_handover_item_easy/traj_pos_l2": 0.020003249319434944, "val-losses/bimanual_handover_item_easy/traj_pos_acc_001": 0.8599439775910365, "val-losses/bimanual_handover_item_easy/traj_rot_l1": 0.019887676212375013, "val-losses/bimanual_handover_item_easy/traj_rot_acc_0025": 0.9183006535947712, "val-losses/bimanual_handover_item_easy/traj_gripper": 0.9897292250233427, "val-losses/bimanual_take_tray_out_of_oven/traj_action_mse": 0.009203851798469906, "val-losses/bimanual_take_tray_out_of_oven/traj_pos_l2": 0.03444618321013389, "val-losses/bimanual_take_tray_out_of_oven/traj_pos_acc_001": 0.7920197740112994, "val-losses/bimanual_take_tray_out_of_oven/traj_rot_l1": 0.07653718727332234, "val-losses/bimanual_take_tray_out_of_oven/traj_rot_acc_0025": 0.849223163841808, "val-losses/bimanual_take_tray_out_of_oven/traj_gripper": 0.961864406779661}