{"val-losses/mean/traj_action_mse": 0.008743648621167163, "val-losses/bimanual_push_box/traj_action_mse": 0.004767205481096145, "val-losses/mean/traj_pos_l2": 0.022722322123513442, "val-losses/bimanual_push_box/traj_pos_l2": 0.026532775624283994, "val-losses/mean/traj_pos_acc_001": 0.7755808995949691, "val-losses/bimanual_push_box/traj_pos_acc_001": 0.42346938775510207, "val-losses/mean/traj_rot_l1": 0.06505475423382288, "val-losses/bimanual_push_box/traj_rot_l1": 0.046350137895668414, "val-losses/mean/traj_rot_acc_0025": 0.7865593690044766, "val-losses/bimanual_push_box/traj_rot_acc_0025": 0.35714285714285715, "val-losses/mean/traj_gripper": 0.976550842037945, "val-losses/bimanual_push_box/traj_gripper": 1.0, "val-losses/bimanual_lift_ball/traj_action_mse": 0.0010315515193968893, "val-losses/bimanual_lift_ball/traj_pos_l2": 0.020700630286166446, "val-losses/bimanual_lift_ball/traj_pos_acc_001": 0.6884422110552764, "val-losses/bimanual_lift_ball/traj_rot_l1": 0.06225238314066967, "val-losses/bimanual_lift_ball/traj_rot_acc_0025": 0.6168341708542714, "val-losses/bimanual_lift_ball/traj_gripper": 0.9987437185929648, "val-losses/bimanual_dual_push_buttons/traj_action_mse": 0.002586187097883752, "val-losses/bimanual_dual_push_buttons/traj_pos_l2": 0.016856543377584687, "val-losses/bimanual_dual_push_buttons/traj_pos_acc_001": 0.7, "val-losses/bimanual_dual_push_buttons/traj_rot_l1": 0.031376108363988665, "val-losses/bimanual_dual_push_buttons/traj_rot_acc_0025": 0.84875, "val-losses/bimanual_dual_push_buttons/traj_gripper": 1.0, "val-losses/bimanual_pick_plate/traj_action_mse": 0.0047804549721761165, "val-losses/bimanual_pick_plate/traj_pos_l2": 0.03641206758040452, "val-losses/bimanual_pick_plate/traj_pos_acc_001": 0.6398550724637682, "val-losses/bimanual_pick_plate/traj_rot_l1": 0.10767547203632163, "val-losses/bimanual_pick_plate/traj_rot_acc_0025": 0.5028985507246376, "val-losses/bimanual_pick_plate/traj_gripper": 0.9927536231884058, "val-losses/bimanual_put_item_in_drawer/traj_action_mse": 0.00707758155246135, "val-losses/bimanual_put_item_in_drawer/traj_pos_l2": 0.014919120385438423, "val-losses/bimanual_put_item_in_drawer/traj_pos_acc_001": 0.6585714285714286, "val-losses/bimanual_put_item_in_drawer/traj_rot_l1": 0.024115978628780965, "val-losses/bimanual_put_item_in_drawer/traj_rot_acc_0025": 0.7592857142857142, "val-losses/bimanual_put_item_in_drawer/traj_gripper": 0.9892857142857143, "val-losses/bimanual_put_bottle_in_fridge/traj_action_mse": 0.014600727834830168, "val-losses/bimanual_put_bottle_in_fridge/traj_pos_l2": 0.020807593783809163, "val-losses/bimanual_put_bottle_in_fridge/traj_pos_acc_001": 0.7797695262483995, "val-losses/bimanual_put_bottle_in_fridge/traj_rot_l1": 0.12095663581819846, "val-losses/bimanual_put_bottle_in_fridge/traj_rot_acc_0025": 0.7618437900128041, "val-losses/bimanual_put_bottle_in_fridge/traj_gripper": 0.9577464788732394, "val-losses/bimanual_handover_item/traj_action_mse": 0.01723268422373231, "val-losses/bimanual_handover_item/traj_pos_l2": 0.03478297449866738, "val-losses/bimanual_handover_item/traj_pos_acc_001": 0.8499538319482918, "val-losses/bimanual_handover_item/traj_rot_l1": 0.13666207781311177, "val-losses/bimanual_handover_item/traj_rot_acc_0025": 0.8541089566020313, "val-losses/bimanual_handover_item/traj_gripper": 0.9912280701754386, "val-losses/bimanual_pick_laptop/traj_action_mse": 0.0012108087703122364, "val-losses/bimanual_pick_laptop/traj_pos_l2": 0.013942094806571858, "val-losses/bimanual_pick_laptop/traj_pos_acc_001": 0.7802275960170697, "val-losses/bimanual_pick_laptop/traj_rot_l1": 0.032546329135551, "val-losses/bimanual_pick_laptop/traj_rot_acc_0025": 0.7716927453769559, "val-losses/bimanual_pick_laptop/traj_gripper": 0.9978662873399715, "val-losses/bimanual_straighten_rope/traj_action_mse": 0.03014210270363902, "val-losses/bimanual_straighten_rope/traj_pos_l2": 0.013317839510143, "val-losses/bimanual_straighten_rope/traj_pos_acc_001": 0.668010752688172, "val-losses/bimanual_straighten_rope/traj_rot_l1": 0.09134296826761143, "val-losses/bimanual_straighten_rope/traj_rot_acc_0025": 0.5645161290322581, "val-losses/bimanual_straighten_rope/traj_gripper": 0.8904569892473119, "val-losses/bimanual_sweep_to_dustpan/traj_action_mse": 0.00021367481141970266, "val-losses/bimanual_sweep_to_dustpan/traj_pos_l2": 0.013006410697324139, "val-losses/bimanual_sweep_to_dustpan/traj_pos_acc_001": 0.9064285714285715, "val-losses/bimanual_sweep_to_dustpan/traj_rot_l1": 0.007765325773158472, "val-losses/bimanual_sweep_to_dustpan/traj_rot_acc_0025": 0.9735714285714285, "val-losses/bimanual_sweep_to_dustpan/traj_gripper": 1.0, "val-losses/bimanual_lift_tray/traj_action_mse": 0.00362072433156098, "val-losses/bimanual_lift_tray/traj_pos_l2": 0.012372152933771405, "val-losses/bimanual_lift_tray/traj_pos_acc_001": 0.851, "val-losses/bimanual_lift_tray/traj_rot_l1": 0.013094428814776788, "val-losses/bimanual_lift_tray/traj_rot_acc_0025": 0.895, "val-losses/bimanual_lift_tray/traj_gripper": 0.974, "val-losses/bimanual_handover_item_easy/traj_action_mse": 0.0023594247647642516, "val-losses/bimanual_handover_item_easy/traj_pos_l2": 0.01911037171113419, "val-losses/bimanual_handover_item_easy/traj_pos_acc_001": 0.8898225957049486, "val-losses/bimanual_handover_item_easy/traj_rot_l1": 0.017889818057016404, "val-losses/bimanual_handover_item_easy/traj_rot_acc_0025": 0.9285714285714286, "val-losses/bimanual_handover_item_easy/traj_gripper": 0.9897292250233427, "val-losses/bimanual_take_tray_out_of_oven/traj_action_mse": 0.009583840989349833, "val-losses/bimanual_take_tray_out_of_oven/traj_pos_l2": 0.033928667800716, "val-losses/bimanual_take_tray_out_of_oven/traj_pos_acc_001": 0.8114406779661016, "val-losses/bimanual_take_tray_out_of_oven/traj_rot_l1": 0.07648346497649194, "val-losses/bimanual_take_tray_out_of_oven/traj_rot_acc_0025": 0.8757062146892656, "val-losses/bimanual_take_tray_out_of_oven/traj_gripper": 0.9593926553672316}