{"val-losses/mean/traj_action_mse": 0.010080067648452542, "val-losses/bimanual_push_box/traj_action_mse": 0.004818026646536255, "val-losses/mean/traj_pos_l2": 0.02860241061045631, "val-losses/bimanual_push_box/traj_pos_l2": 0.037955417735151514, "val-losses/mean/traj_pos_acc_001": 0.5944361543380943, "val-losses/bimanual_push_box/traj_pos_acc_001": 0.05357142857142857, "val-losses/mean/traj_rot_l1": 0.08803057042414256, "val-losses/bimanual_push_box/traj_rot_l1": 0.07847665965956664, "val-losses/mean/traj_rot_acc_0025": 0.5434342357706246, "val-losses/bimanual_push_box/traj_rot_acc_0025": 0.058673469387755105, "val-losses/mean/traj_gripper": 0.9746322745683224, "val-losses/bimanual_push_box/traj_gripper": 1.0, "val-losses/bimanual_lift_ball/traj_action_mse": 0.0012327166366806932, "val-losses/bimanual_lift_ball/traj_pos_l2": 0.026814965710265943, "val-losses/bimanual_lift_ball/traj_pos_acc_001": 0.4723618090452261, "val-losses/bimanual_lift_ball/traj_rot_l1": 0.07693300703158229, "val-losses/bimanual_lift_ball/traj_rot_acc_0025": 0.4221105527638191, "val-losses/bimanual_lift_ball/traj_gripper": 0.9987437185929648, "val-losses/bimanual_dual_push_buttons/traj_action_mse": 0.0027263672879718893, "val-losses/bimanual_dual_push_buttons/traj_pos_l2": 0.021290258390023277, "val-losses/bimanual_dual_push_buttons/traj_pos_acc_001": 0.585, "val-losses/bimanual_dual_push_buttons/traj_rot_l1": 0.04658381482670068, "val-losses/bimanual_dual_push_buttons/traj_rot_acc_0025": 0.555, "val-losses/bimanual_dual_push_buttons/traj_gripper": 1.0, "val-losses/bimanual_pick_plate/traj_action_mse": 0.004580564841393396, "val-losses/bimanual_pick_plate/traj_pos_l2": 0.040359829892138745, "val-losses/bimanual_pick_plate/traj_pos_acc_001": 0.44782608695652176, "val-losses/bimanual_pick_plate/traj_rot_l1": 0.1218037752477559, "val-losses/bimanual_pick_plate/traj_rot_acc_0025": 0.2985507246376812, "val-losses/bimanual_pick_plate/traj_gripper": 0.994927536231884, "val-losses/bimanual_put_item_in_drawer/traj_action_mse": 0.007553405070676231, "val-losses/bimanual_put_item_in_drawer/traj_pos_l2": 0.020763105625038303, "val-losses/bimanual_put_item_in_drawer/traj_pos_acc_001": 0.3871428571428571, "val-losses/bimanual_put_item_in_drawer/traj_rot_l1": 0.043113522152987006, "val-losses/bimanual_put_item_in_drawer/traj_rot_acc_0025": 0.39, "val-losses/bimanual_put_item_in_drawer/traj_gripper": 0.9907142857142858, "val-losses/bimanual_put_bottle_in_fridge/traj_action_mse": 0.016170643672797053, "val-losses/bimanual_put_bottle_in_fridge/traj_pos_l2": 0.0278254470367639, "val-losses/bimanual_put_bottle_in_fridge/traj_pos_acc_001": 0.5416133162612036, "val-losses/bimanual_put_bottle_in_fridge/traj_rot_l1": 0.14335745816397547, "val-losses/bimanual_put_bottle_in_fridge/traj_rot_acc_0025": 0.3879641485275288, "val-losses/bimanual_put_bottle_in_fridge/traj_gripper": 0.9558258642765685, "val-losses/bimanual_handover_item/traj_action_mse": 0.018060009338320707, "val-losses/bimanual_handover_item/traj_pos_l2": 0.03869597720438068, "val-losses/bimanual_handover_item/traj_pos_acc_001": 0.7880886426592798, "val-losses/bimanual_handover_item/traj_rot_l1": 0.14943248531479084, "val-losses/bimanual_handover_item/traj_rot_acc_0025": 0.7433056325023084, "val-losses/bimanual_handover_item/traj_gripper": 0.9907663896583564, "val-losses/bimanual_pick_laptop/traj_action_mse": 0.0013072277614080896, "val-losses/bimanual_pick_laptop/traj_pos_l2": 0.020429033436626737, "val-losses/bimanual_pick_laptop/traj_pos_acc_001": 0.5483641536273115, "val-losses/bimanual_pick_laptop/traj_rot_l1": 0.04924800170141014, "val-losses/bimanual_pick_laptop/traj_rot_acc_0025": 0.4594594594594595, "val-losses/bimanual_pick_laptop/traj_gripper": 0.9978662873399715, "val-losses/bimanual_straighten_rope/traj_action_mse": 0.04399260338545779, "val-losses/bimanual_straighten_rope/traj_pos_l2": 0.026709255038950414, "val-losses/bimanual_straighten_rope/traj_pos_acc_001": 0.426747311827957, "val-losses/bimanual_straighten_rope/traj_rot_l1": 0.20734621370394515, "val-losses/bimanual_straighten_rope/traj_rot_acc_0025": 0.28763440860215056, "val-losses/bimanual_straighten_rope/traj_gripper": 0.8615591397849462, "val-losses/bimanual_sweep_to_dustpan/traj_action_mse": 0.0002655651598357333, "val-losses/bimanual_sweep_to_dustpan/traj_pos_l2": 0.01702421136357389, "val-losses/bimanual_sweep_to_dustpan/traj_pos_acc_001": 0.78, "val-losses/bimanual_sweep_to_dustpan/traj_rot_l1": 0.016644964250744226, "val-losses/bimanual_sweep_to_dustpan/traj_rot_acc_0025": 0.8271428571428572, "val-losses/bimanual_sweep_to_dustpan/traj_gripper": 1.0, "val-losses/bimanual_lift_tray/traj_action_mse": 0.004126028059030888, "val-losses/bimanual_lift_tray/traj_pos_l2": 0.02120674238958011, "val-losses/bimanual_lift_tray/traj_pos_acc_001": 0.58, "val-losses/bimanual_lift_tray/traj_rot_l1": 0.031307642074265125, "val-losses/bimanual_lift_tray/traj_rot_acc_0025": 0.529, "val-losses/bimanual_lift_tray/traj_gripper": 0.971, "val-losses/bimanual_handover_item_easy/traj_action_mse": 0.00247798205434275, "val-losses/bimanual_handover_item_easy/traj_pos_l2": 0.0234561834002981, "val-losses/bimanual_handover_item_easy/traj_pos_acc_001": 0.7927170868347339, "val-losses/bimanual_handover_item_easy/traj_rot_l1": 0.030016241987953305, "val-losses/bimanual_handover_item_easy/traj_rot_acc_0025": 0.7894491129785247, "val-losses/bimanual_handover_item_easy/traj_gripper": 0.9901960784313726, "val-losses/bimanual_take_tray_out_of_oven/traj_action_mse": 0.009079908721702197, "val-losses/bimanual_take_tray_out_of_oven/traj_pos_l2": 0.03801061647275287, "val-losses/bimanual_take_tray_out_of_oven/traj_pos_acc_001": 0.635593220338983, "val-losses/bimanual_take_tray_out_of_oven/traj_rot_l1": 0.08821135414772356, "val-losses/bimanual_take_tray_out_of_oven/traj_rot_acc_0025": 0.6242937853107344, "val-losses/bimanual_take_tray_out_of_oven/traj_gripper": 0.9622175141242938}